__aqua__	5.3667
bounds/test_bb84_key_rate.jl	0.3096
bounds/test_bekenstein_bound.jl	0.2654
bounds/test_chaos_bound.jl	0.4748
bounds/test_chsh_bound.jl	0.587
bounds/test_mermin_ghz_bound.jl	0.4478
bounds/test_optimal_cloning_fidelity.jl	0.3843
bounds/test_quantum_speed_limit.jl	0.4889
bounds/test_scrambling_time.jl	0.2195
core/test_about.jl	0.4175
core/test_abq_conformance.jl	16.698
core/test_abq_relation_reach.jl	1.3374
core/test_abq_vocabulary.jl	13.2121
core/test_alias.jl	0.3758
core/test_cft_entanglement.jl	13.2035
core/test_constraints.jl	13.5993
core/test_cost_axis.jl	0.7679
core/test_derivation.jl	10.7667
core/test_derivative.jl	1.6225
core/test_disorder.jl	0.843
core/test_energy_granularity.jl	1.4983
core/test_jw_spin_rdm.jl	22.5781
core/test_pfaffian.jl	2.0049
core/test_quench_gge_relaxation.jl	1.4754
core/test_query.jl	5.8085
core/test_realization_c_scaling.jl	1.455
core/test_realizes.jl	0.9084
core/test_reduces.jl	8.9841
core/test_references_bib.jl	0.3094
core/test_region_checks.jl	4.2214
core/test_registry.jl	2.7879
core/test_type.jl	0.5325
core/test_verify_harness.jl	1.4354
cross_model/test_three_models_log_negativity.jl	0.4618
cross_model/test_three_models_mutual_information.jl	0.6785
cross_model/test_three_models_saturation_density.jl	0.4118
generated/test_bound_checks.jl	111.1747
generated/test_derivation_checks.jl	1.0912
generated/test_dual_checks.jl	2.6978
generated/test_identity_gibbs.jl	21.1935
generated/test_identity_isotropy.jl	8.3835
generated/test_identity_rest.jl	11.239
generated/test_limit_checks.jl	0.5571
generated/test_response_checks.jl	70.5011
generated/test_symmetry_checks.jl	0.8792
identities/test_TFIM_dynamic_symmetries.jl	1.147
identities/test_TFIM_limits_cross_model.jl	1.3013
identities/test_cross_bc_scaling.jl	27.7251
identities/test_driven_free_fermion_nonlinear_response.jl	3.2868
identities/test_fdt_magnetization.jl	3.3292
identities/test_fluctuation_dissipation.jl	5.9861
identities/test_free_fermion_fdt.jl	27.429
identities/test_identities_Heisenberg1D.jl	3.1798
identities/test_identities_IsingSquare.jl	3.5231
identities/test_identities_KitaevHoneycomb.jl	9.5886
identities/test_identities_S1Heisenberg1D.jl	1.6927
identities/test_identities_TFIM.jl	3.3734
identities/test_identities_TFIM_pbc.jl	0.8788
identities/test_identities_XXZ1D.jl	3.327
identities/test_property_invariants.jl	9.9544
lint/test_convention_declarations.jl	0.2322
lint/test_derivation_reach.jl	4.7733
lint/test_tested_in.jl	0.3053
lint/test_toplevel_name_collisions.jl	1.6921
models/classical/test_IsingSquare_PBC_thermo_ED_batch.jl	0.639
models/classical/test_IsingSquare_critical.jl	0.1741
models/classical/test_IsingSquare_frustrated.jl	0.5274
models/classical/test_IsingSquare_thermal.jl	6.0754
models/classical/test_curie_weiss_ising.jl	2.4636
models/classical/test_dimer_lattice.jl	0.604
models/classical/test_ising_chain_1d.jl	3.9346
models/classical/test_ising_onsager_yang.jl	0.5263
models/classical/test_ising_square_pfaffian.jl	0.3129
models/classical/test_ising_triangular.jl	1.0716
models/classical/test_ising_triangular_thermo.jl	1.582
models/classical/test_liouville_cft.jl	0.7903
models/classical/test_logarithmic_cft.jl	0.2628
models/classical/test_random_bond_ising_2d.jl	0.2965
models/classical/test_rfim.jl	0.4643
models/classical/test_sherrington_kirkpatrick.jl	0.4924
models/classical/test_six_vertex.jl	2.4243
models/classical/test_sle_kappa.jl	0.8931
models/classical/test_spin_ice.jl	0.1277
models/classical/test_tasep.jl	0.2903
models/classical/test_toda_lattice.jl	0.3112
models/classical/test_yang_lee.jl	0.447
models/quantum/HaldaneShastry/test_haldane_shastry.jl	0.0742
models/quantum/HaldaneShastry/test_haldane_shastry_thermal_cft.jl	0.1765
models/quantum/HaldaneShastry/test_haldaneshastry_cft_entanglement.jl	0.3969
models/quantum/HaldaneShastry/test_haldaneshastry_lr_slope.jl	0.2417
models/quantum/Heisenberg/test_Heisenberg1D_hulthen_batch.jl	0.1353
models/quantum/Heisenberg/test_Heisenberg1D_thermal.jl	3.4588
models/quantum/Heisenberg/test_S1Heisenberg1D_observables.jl	35.6982
models/quantum/Heisenberg/test_S1Heisenberg1D_thermal.jl	1.4925
models/quantum/Heisenberg/test_dmi_heisenberg1d.jl	13.3459
models/quantum/Heisenberg/test_heisenberg1d_cft_entanglement.jl	0.3332
models/quantum/Heisenberg/test_heisenberg1d_entanglement_triple.jl	0.37
models/quantum/Heisenberg/test_heisenberg1d_lr_slope.jl	0.3283
models/quantum/Heisenberg/test_heisenberg1d_luttinger.jl	0.2287
models/quantum/Heisenberg/test_heisenberg1d_obc_entropy_l1_batch.jl	2.8233
models/quantum/Heisenberg/test_heisenberg1d_obc_mag_batch.jl	1.8333
models/quantum/Heisenberg/test_heisenberg1d_obc_massgap_batch.jl	0.1556
models/quantum/Heisenberg/test_heisenberg1d_obc_small_n_gs_ed_batch.jl	0.4023
models/quantum/Heisenberg/test_heisenberg1d_obc_susc_batch.jl	0.8437
models/quantum/Heisenberg/test_heisenberg1d_obc_thermal_batch.jl	1.448
models/quantum/Heisenberg/test_heisenberg1d_obc_thermo_ED_batch.jl	2.945
models/quantum/Heisenberg/test_heisenberg1d_thermal_cft.jl	0.53
models/quantum/Heisenberg/test_heisenberg_spinon.jl	2.161
models/quantum/Heisenberg/test_j1j2_heisenberg1d.jl	535.4922
models/quantum/Heisenberg/test_j1j2_heisenberg1d_structural.jl	0.3663
models/quantum/Heisenberg/test_j1j2_heisenberg1d_verify_ed.jl	4.6597
models/quantum/Heisenberg/test_kagome_heisenberg_afm.jl	0.4358
models/quantum/Heisenberg/test_majumdar_ghosh.jl	1078.1761
models/quantum/Heisenberg/test_majumdar_ghosh_structural.jl	0.7099
models/quantum/Heisenberg/test_majumdar_ghosh_verify_ed_infinite.jl	6.0571
models/quantum/Heisenberg/test_majumdar_ghosh_verify_ed_pbc.jl	5.0287
models/quantum/Heisenberg/test_majumdar_ghosh_verify_lit.jl	0.8486
models/quantum/Heisenberg/test_s1_anisotropic_d1d.jl	0.4992
models/quantum/Heisenberg/test_s1_xxz1d.jl	0.4781
models/quantum/Heisenberg/test_s1heisenberg1d_obc_corr_eqsite_batch.jl	16.9061
models/quantum/Heisenberg/test_s1heisenberg1d_obc_entropy_l1_batch.jl	3.2782
models/quantum/Heisenberg/test_s1heisenberg1d_obc_mag_batch.jl	10.3352
models/quantum/Heisenberg/test_s1heisenberg1d_obc_susc_batch.jl	7.1951
models/quantum/Heisenberg/test_s1heisenberg1d_obc_thermal_batch.jl	0.5734
models/quantum/Heisenberg/test_s1heisenberg1d_obc_thermo_ED_batch.jl	2.3393
models/quantum/HeisenbergXYZ/test_heisenberg_xyz_gs.jl	0.9064
models/quantum/Hubbard1D/test_hubbard1d_jks53_wiring.jl	216.5192
models/quantum/Hubbard1D/test_hubbard1d_jks_ed_comparison.jl	41.7823
models/quantum/Hubbard1D/test_hubbard1d_jks_eq53.jl	184.5081
models/quantum/Hubbard1D/test_hubbard1d_jks_invariants.jl	12.976
models/quantum/Hubbard1D/test_hubbard1d_jks_jacobian.jl	5.3625
models/quantum/Hubbard1D/test_hubbard1d_jks_paper_precise.jl	39.1402
models/quantum/Hubbard1D/test_hubbard1d_jks_stage_c1.jl	0.2831
models/quantum/Hubbard1D/test_hubbard1d_jks_stage_c10.jl	5.4717
models/quantum/Hubbard1D/test_hubbard1d_jks_stage_c11.jl	0.1788
models/quantum/Hubbard1D/test_hubbard1d_jks_stage_c12.jl	3.0918
models/quantum/Hubbard1D/test_hubbard1d_jks_stage_c2.jl	1.2526
models/quantum/Hubbard1D/test_hubbard1d_jks_stage_c3_partial.jl	0.6035
models/quantum/Hubbard1D/test_hubbard1d_jks_stage_c9.jl	3.5072
models/quantum/Hubbard1D/test_hubbard1d_jks_thermo_sweep.jl	113.7394
models/quantum/Hubbard1D/test_hubbard1d_jks_thermo_sweep2.jl	132.5551
models/quantum/KitaevHoneycomb/test_KitaevHoneycomb.jl	152.1487
models/quantum/KitaevHoneycomb/test_KitaevHoneycomb_closedform.jl	4.0598
models/quantum/KitaevHoneycomb/test_KitaevHoneycomb_ed.jl	125.6031
models/quantum/KitaevHoneycomb/test_KitaevHoneycomb_thermal.jl	12.9052
models/quantum/KitaevHoneycomb/test_KitaevHoneycomb_thermal_trivial_batch.jl	3.3384
models/quantum/KitaevHoneycomb/test_KitaevHoneycomb_verify.jl	2.3947
models/quantum/KitaevHoneycomb/test_kitaev_heisenberg.jl	0.3381
models/quantum/TFIM/test_TFIM_central_charge.jl	0.1154
models/quantum/TFIM/test_TFIM_cft_entanglement.jl	1.8715
models/quantum/TFIM/test_TFIM_cft_entanglement_delegation.jl	0.5283
models/quantum/TFIM/test_TFIM_correlation_length_batch.jl	0.1806
models/quantum/TFIM/test_TFIM_dynamics.jl	7.1947
models/quantum/TFIM/test_TFIM_dynamics_critical.jl	0.6329
models/quantum/TFIM/test_TFIM_dynamics_disordered.jl	1.6186
models/quantum/TFIM/test_TFIM_dynamics_ed_small.jl	1.6989
models/quantum/TFIM/test_TFIM_dynamics_ordered.jl	0.3607
models/quantum/TFIM/test_TFIM_dynamics_verify.jl	1.0662
models/quantum/TFIM/test_TFIM_energy_pfeuty_batch.jl	0.1505
models/quantum/TFIM/test_TFIM_entanglement.jl	5.6118
models/quantum/TFIM/test_TFIM_entanglement_growth_slope.jl	0.4493
models/quantum/TFIM/test_TFIM_entanglement_region.jl	2.5037
models/quantum/TFIM/test_TFIM_entropy_l1_batch.jl	1.2173
models/quantum/TFIM/test_TFIM_fidelity_susc_J0_batch.jl	0.6363
models/quantum/TFIM/test_TFIM_free_energy_batch.jl	0.5493
models/quantum/TFIM/test_TFIM_infinite_dynamics.jl	60.6998
models/quantum/TFIM/test_TFIM_lieb_robinson.jl	0.3693
models/quantum/TFIM/test_TFIM_local.jl	3.3487
models/quantum/TFIM/test_TFIM_loschmidt_t0_batch.jl	0.194
models/quantum/TFIM/test_TFIM_magnetization_x_batch.jl	0.862
models/quantum/TFIM/test_TFIM_massgap.jl	1.0452
models/quantum/TFIM/test_TFIM_pbc_thermal.jl	4.2688
models/quantum/TFIM/test_TFIM_pfeuty_batch.jl	0.2174
models/quantum/TFIM/test_TFIM_random_griffiths.jl	2.8173
models/quantum/TFIM/test_TFIM_renyi.jl	2.7127
models/quantum/TFIM/test_TFIM_specific_heat_batch.jl	0.8718
models/quantum/TFIM/test_TFIM_status_examples.jl	0.2359
models/quantum/TFIM/test_TFIM_structure_factor_paramagnet_xx_batch.jl	10.1358
models/quantum/TFIM/test_TFIM_structure_factor_paramagnet_yy_batch.jl	143.0948
models/quantum/TFIM/test_TFIM_structure_factor_paramagnet_yy_batch2.jl	219.8342
models/quantum/TFIM/test_TFIM_structure_factor_paramagnet_yy_batch3.jl	112.9977
models/quantum/TFIM/test_TFIM_structure_factor_paramagnet_yy_batch4.jl	131.8676
models/quantum/TFIM/test_TFIM_structure_factor_paramagnet_zz_batch.jl	135.011
models/quantum/TFIM/test_TFIM_structure_factor_paramagnet_zz_batch2.jl	135.9579
models/quantum/TFIM/test_TFIM_structure_factor_paramagnet_zz_batch3.jl	136.0189
models/quantum/TFIM/test_TFIM_structure_factor_paramagnet_zz_batch4.jl	134.6863
models/quantum/TFIM/test_TFIM_surface_magnetization.jl	1.6642
models/quantum/TFIM/test_TFIM_susc_obc_ED_batch.jl	3.1235
models/quantum/TFIM/test_TFIM_susc_pbc_ED_batch.jl	1.2451
models/quantum/TFIM/test_TFIM_thermal.jl	98.7842
models/quantum/TFIM/test_TFIM_thermal_entropy_batch.jl	1.0842
models/quantum/TFIM/test_TFIM_thermo_OBC_ED_batch.jl	2.0833
models/quantum/TFIM/test_TFIM_thermo_PBC_ED_batch.jl	1.6247
models/quantum/TFIM/test_TFIM_xx_static.jl	0.3918
models/quantum/TFIM/test_TFIM_xx_yy_structure_factor.jl	149.9771
models/quantum/TFIM/test_TFIM_xxcorrelation_inf_batch.jl	0.5286
models/quantum/TFIM/test_TFIM_yy.jl	1.6385
models/quantum/TFIM/test_TFIM_zaxis.jl	194.635
models/quantum/TFIM/test_TFIM_zaxis_closedform.jl	0.4472
models/quantum/TFIM/test_TFIM_zaxis_proxy.jl	180.6771
models/quantum/TFIM/test_TFIM_zaxis_verify.jl	0.3623
models/quantum/TFIM/test_tfim_boundary_entropy.jl	0.5251
models/quantum/TFIM/test_tfim_critical_exponents.jl	0.1517
models/quantum/TFIM/test_tfim_fidelity_susceptibility.jl	1.9548
models/quantum/TFIM/test_tfim_gge.jl	1.7689
models/quantum/TFIM/test_tfim_highT_freeenergy.jl	1.05
models/quantum/TFIM/test_tfim_loschmidt.jl	3.184
models/quantum/TFIM/test_tfim_quench_entanglement.jl	1.3252
models/quantum/TFIM/test_tfim_sigma_x_quench.jl	10.6012
models/quantum/XXZ/test_XXZ1D.jl	40.4983
models/quantum/XXZ/test_XXZ1D_observables.jl	7.4665
models/quantum/XXZ/test_XXZ1D_thermal.jl	1.9811
models/quantum/XXZ/test_bethe_ansatz.jl	13.8981
models/quantum/XXZ/test_heisenberg_xyz.jl	12.0536
models/quantum/XXZ/test_xxz1d_cft_entanglement.jl	0.602
models/quantum/XXZ/test_xxz1d_grand_canonical.jl	1.1855
models/quantum/XXZ/test_xxz1d_obc_entropy_l1_batch.jl	1.1907
models/quantum/XXZ/test_xxz1d_obc_mag_batch.jl	2.453
models/quantum/XXZ/test_xxz1d_obc_massgap_batch.jl	0.1916
models/quantum/XXZ/test_xxz1d_obc_susc_batch.jl	0.5721
models/quantum/XXZ/test_xxz1d_obc_susc_ed_batch.jl	1.1858
models/quantum/XXZ/test_xxz1d_obc_thermal_batch.jl	1.3011
models/quantum/XXZ/test_xxz1d_obc_thermo_ED_batch.jl	0.976
models/quantum/XXZ/test_xxz_klumper_nlie.jl	0.3765
models/quantum/XXZ/test_xxz_klumper_nlie_solver_unit.jl	15.5052
models/quantum/XXZ/test_xxz_klumper_nlie_thermo.jl	114.4692
models/quantum/XXZ/test_xxz_klumper_nlie_xx_anchor.jl	147.4431
models/quantum/XXZ/test_xxz_spinon.jl	1.2978
models/quantum/XXZ/test_xxz_xx_infinite.jl	20.2976
models/quantum/XXZ/test_xxz_xx_lr_slope.jl	0.2282
models/quantum/XXZ/test_xxz_xx_quench.jl	0.9016
models/quantum/misc/test_aklt.jl	440.2806
models/quantum/misc/test_aklt2d.jl	0.4462
models/quantum/misc/test_aklt_htse.jl	3.7045
models/quantum/misc/test_aklt_structural.jl	69.5136
models/quantum/misc/test_aklt_thermal_limits.jl	2.4843
models/quantum/misc/test_aklt_verify_closed_form.jl	0.3144
models/quantum/misc/test_aklt_verify_main.jl	206.3362
models/quantum/misc/test_chern_simons_3d.jl	0.8979
models/quantum/misc/test_cluster1d.jl	0.3856
models/quantum/misc/test_compass1d.jl	0.4569
models/quantum/misc/test_dense_ed_regions.jl	5.1372
models/quantum/misc/test_extended_hubbard1d.jl	0.9387
models/quantum/misc/test_fibonacci_anyons.jl	0.1861
models/quantum/misc/test_gross_neveu.jl	0.4616
models/quantum/misc/test_hubbard1d.jl	1.9636
models/quantum/misc/test_hubbard1d_gsed_U0_batch.jl	1.0961
models/quantum/misc/test_hubbard1d_luttinger_U0_batch.jl	0.1641
models/quantum/misc/test_kitaev1d.jl	3.0738
models/quantum/misc/test_kitaev1d_thermo.jl	4.0619
models/quantum/misc/test_long_range_ising1d.jl	0.2568
models/quantum/misc/test_long_range_xy1d.jl	0.2408
models/quantum/misc/test_mixed_field_ising1d.jl	0.2652
models/quantum/misc/test_ppip_2dsc.jl	0.6411
models/quantum/misc/test_pxp1d.jl	0.1625
models/quantum/misc/test_ricemele.jl	2.9206
models/quantum/misc/test_schwinger_model.jl	0.5483
models/quantum/misc/test_shastry_sutherland.jl	0.4475
models/quantum/misc/test_ssh.jl	12.4656
models/quantum/misc/test_syk.jl	0.4594
models/quantum/misc/test_tight_binding1d.jl	123.0328
models/quantum/misc/test_tight_binding1d_thermal.jl	119.6018
models/quantum/misc/test_tight_binding_v1d.jl	2.9985
models/quantum/misc/test_toric_code.jl	2.0595
models/quantum/misc/test_x_cube.jl	0.561
models/quantum/misc/test_xyh1d.jl	3.6829
models/quantum/misc/test_xyh1d_pbc.jl	1.3041
models/quantum/tightbinding/test_honeycomb_tb_scalar_invariants.jl	0.8106
models/quantum/tightbinding/test_kagome_tb_scalar_invariants.jl	0.8503
models/quantum/tightbinding/test_lieb_tb_scalar_invariants.jl	1.0451
models/quantum/tightbinding/test_triangular_tb_scalar_invariants.jl	0.8329
relations/test_model_specific.jl	6.9496
universalities/test_E8.jl	2.9453
universalities/test_bcft.jl	0.3364
universalities/test_conformal_bootstrap.jl	0.2041
universalities/test_tricritical_ising.jl	0.397
universalities/test_tricritical_potts3.jl	0.6961
universalities/test_ttbar.jl	0.4285
universalities/test_universality_boundary_entropy.jl	0.5214
universalities/test_universality_cardy_entanglement.jl	2.2612
universalities/test_universality_cardy_entropy.jl	0.6079
universalities/test_universality_central_charge_lit.jl	0.4057
universalities/test_universality_cft_casimir.jl	1.1204
universalities/test_universality_class.jl	2.6069
universalities/test_universality_conformal_2plus1d.jl	0.1119
universalities/test_universality_conformal_casimir_energy.jl	0.5369
universalities/test_universality_conformal_tower.jl	0.4804
universalities/test_universality_critical_exponents_lit.jl	1.4628
universalities/test_universality_entanglement_growth_slope.jl	0.5167
universalities/test_universality_entanglement_saturation_density.jl	0.5977
universalities/test_universality_exponents.jl	1.5747
universalities/test_universality_isingsdrg.jl	0.6974
universalities/test_universality_logarithmic_negativity.jl	0.6488
universalities/test_universality_minimal_models.jl	0.9638
universalities/test_universality_mutual_information.jl	0.6202
universalities/test_universality_page_entropy.jl	0.5922
universalities/test_universality_quench_boundary.jl	0.3329
universalities/test_universality_rmt.jl	2.5365
universalities/test_universality_thermal_energy_density.jl	0.3154
universalities/test_universality_thermal_entropy_density.jl	0.3116
universalities/test_universality_topological_entanglement_entropy.jl	0.6615
universalities/test_universality_wigner_moment.jl	0.1195
universalities/test_universality_wzw.jl	0.6681
universalities/test_zn_clock.jl	0.1353
universalities/test_zn_parafermion.jl	0.2983
util_verify/test_extrapolate.jl	0.4786
util_verify/test_verify_expected_fail.jl	0.8963
util_verify/test_verify_json.jl	0.246
verification/heisenberg_xxz/test_disordered_heisenberg.jl	10.3552
verification/heisenberg_xxz/test_heisenberg_4site_pbc.jl	0.4492
verification/heisenberg_xxz/test_heisenberg_dimer.jl	2.2635
verification/heisenberg_xxz/test_xxz_luttinger_ed.jl	4.539
verification/heisenberg_xxz/test_xxz_yang_yang.jl	14.7524
verification/tfim_ising/test_ising_2x2_classical.jl	0.7405
verification/tfim_ising/test_ising_ad_thermodynamics.jl	4.9361
verification/tfim_ising/test_tfim_fdt.jl	372.7664
verification/tfim_ising/test_tfim_fdt_beta_0_5.jl	110.1414
verification/tfim_ising/test_tfim_fdt_beta_1_0.jl	314.7946
verification/tfim_ising/test_tfim_fdt_sanity.jl	60.0988
verification/tfim_ising/test_tfim_fdt_verify.jl	0.1183
verification/tfim_ising/test_tfim_gap_closure.jl	2.1416
verification/tightbinding/test_bloch_generic.jl	2.4263
verification/tightbinding/test_dice_tight_binding.jl	1.5943
verification/tightbinding/test_graphene_tight_binding.jl	1.0386
verification/tightbinding/test_kagome_tight_binding.jl	1.8061
verification/tightbinding/test_lieb_tight_binding.jl	1.1878
verification/tightbinding/test_shastry_sutherland_tight_binding.jl	2.3838
verification/tightbinding/test_triangular_tight_binding.jl	2.1692
verification/tightbinding/test_unionjack_tight_binding.jl	1.0943
verification/universality/test_entanglement_central_charge.jl	57.6345
verification/universality/test_thermo_identity_quantum.jl	1.6392
verification/universality/test_universality_cross_check.jl	29.5534
verification/universality/test_universality_literature_values.jl	0.5916
